Product URL,Product Name,Product Price,Rating,Number of reviews,Manufacturer,ASIN
https://www.amazon.in//sspa/click?ie=UTF8&spc=MToyMzgyNzc1MjE0NDA0MDYzOjE3MDk1MzY2MDE6c3BfYXRmOjIwMDM4MzA5Nzg4Mjk4OjowOjo&url=%2FNumber-Backpack-Compartment-Charging-Organizer%2Fdp%2FB09VTDMRY7%2Fref%3Dsr_1_1%3Fcrid%3D2M096C61O4MLT%26dib%3DeyJ2IjoiMSJ9.0GGB9r1MkwPxRE2Q4M2dxzW6oncZ9MDtC66TZKy4pw_Jdw5PpfBE4YOjluTI7k634JNfMoMOguDaglopiKIFeKzAktmye7-V5FCJfYOV4Tj6lO6TZzQaSrv6dgcqBpmg4DuDPJViLD718UqZRvtZf-3PsSeKxS2XAsuFTDQ-4lJHAdSu6GcfogH089cdN9707ujFzuUZiOfBvZ_KhMxe1pEuqLK9gnZwYp59AGUSYjI.VjF1qrg0-ActcJ2qcK01XCB16gZIY-gJLvZN2qixKeY%26dib_tag%3Dse%26keywords%3Dbags%26qid%3D1709536601%26sprefix%3Dba%252Caps%252C283%26sr%3D8-1-spons%26sp_csd%3Dd2lkZ2V0TmFtZT1zcF9hdGY%26psc%3D1,"FUR JADEN Anti Theft Number Lock Backpack Bag with 15.6 Inch Laptop Compartment, USB Charging Port & Organizer Pocket for Men Women Boys Girls  ",₹679,4.1 out of 5 stars,"5,478","FUR JADEN, Fur Jaden, 3C Jai Hind Bld, Dr AM Road, Bhuleshwar, Mumbai 400002",B09VTDMRY7
https://www.amazon.in//sspa/click?ie=UTF8&spc=MToyMzgyNzc1MjE0NDA0MDYzOjE3MDk1MzY2MDE6c3BfYXRmOjMwMDA2NTczMjk4NTIzMjo6MDo6&url=%2FGear-Resistant-Anti-Theft-RainCover-Black-Red%2Fdp%2FB0CHYS2QZC%2Fref%3Dsr_1_2%3Fcrid%3D2M096C61O4MLT%26dib%3DeyJ2IjoiMSJ9.0GGB9r1MkwPxRE2Q4M2dxzW6oncZ9MDtC66TZKy4pw_Jdw5PpfBE4YOjluTI7k634JNfMoMOguDaglopiKIFeKzAktmye7-V5FCJfYOV4Tj6lO6TZzQaSrv6dgcqBpmg4DuDPJViLD718UqZRvtZf-3PsSeKxS2XAsuFTDQ-4lJHAdSu6GcfogH089cdN9707ujFzuUZiOfBvZ_KhMxe1pEuqLK9gnZwYp59AGUSYjI.VjF1qrg0-ActcJ2qcK01XCB16gZIY-gJLvZN2qixKeY%26dib_tag%3Dse%26keywords%3Dbags%26qid%3D1709536601%26sprefix%3Dba%252Caps%252C283%26sr%3D8-2-spons%26sp_csd%3Dd2lkZ2V0TmFtZT1zcF9hdGY%26psc%3D1,Gear Elevate Faux Leather 20L Water Resistant Anti-Theft Backpack/Laptop Bag/Office Bag with RainCover for Men/Women (Black-Red)  ,"₹1,995",4.1 out of 5 stars,69,"Gear Merchandise PVT LTD, Gear Merchandise Pvt Ltd, E/12 West Chowbaga, Gulshan Colony, Kolkata 700100",B0CHYS2QZC
https://www.amazon.in//Storite-Pack-Big-Underbed-Moisture/dp/B07B8K3RQK/ref=sr_1_3?crid=2M096C61O4MLT&dib=eyJ2IjoiMSJ9.0GGB9r1MkwPxRE2Q4M2dxzW6oncZ9MDtC66TZKy4pw_Jdw5PpfBE4YOjluTI7k634JNfMoMOguDaglopiKIFeKzAktmye7-V5FCJfYOV4Tj6lO6TZzQaSrv6dgcqBpmg4DuDPJViLD718UqZRvtZf-3PsSeKxS2XAsuFTDQ-4lJHAdSu6GcfogH089cdN9707ujFzuUZiOfBvZ_KhMxe1pEuqLK9gnZwYp59AGUSYjI.VjF1qrg0-ActcJ2qcK01XCB16gZIY-gJLvZN2qixKeY&dib_tag=se&keywords=bags&qid=1709536601&sprefix=ba%2Caps%2C283&sr=8-3,"Storite 2 Pack Moisture Proof Nylon Large Size Underbed Storage Bag For Clothes (54 x 46 x 28 cm) - Black, Rectangular  ",₹699,4.4 out of 5 stars,"19,124",SaiTech IT Pvt Ltd.,B07B8K3RQK
https://www.amazon.in//Shalimar-Premium-Garbage-Medium-Rolls/dp/B07KT9Q54M/ref=sr_1_4?crid=2M096C61O4MLT&dib=eyJ2IjoiMSJ9.0GGB9r1MkwPxRE2Q4M2dxzW6oncZ9MDtC66TZKy4pw_Jdw5PpfBE4YOjluTI7k634JNfMoMOguDaglopiKIFeKzAktmye7-V5FCJfYOV4Tj6lO6TZzQaSrv6dgcqBpmg4DuDPJViLD718UqZRvtZf-3PsSeKxS2XAsuFTDQ-4lJHAdSu6GcfogH089cdN9707ujFzuUZiOfBvZ_KhMxe1pEuqLK9gnZwYp59AGUSYjI.VjF1qrg0-ActcJ2qcK01XCB16gZIY-gJLvZN2qixKeY&dib_tag=se&keywords=bags&qid=1709536601&sprefix=ba%2Caps%2C283&sr=8-4,Shalimar Premium Garbage Bags (Medium) Size 19 x 21 Inches 4 Rolls 120 Bags Dustbin Bag/Trash Bag - Black Color  ,₹284,4.5 out of 5 stars,"19,498",,
https://www.amazon.in//Lenovo-15-6-Inches-Everyday-Backpack/dp/B08R7RPVJF/ref=sr_1_5?crid=2M096C61O4MLT&dib=eyJ2IjoiMSJ9.0GGB9r1MkwPxRE2Q4M2dxzW6oncZ9MDtC66TZKy4pw_Jdw5PpfBE4YOjluTI7k634JNfMoMOguDaglopiKIFeKzAktmye7-V5FCJfYOV4Tj6lO6TZzQaSrv6dgcqBpmg4DuDPJViLD718UqZRvtZf-3PsSeKxS2XAsuFTDQ-4lJHAdSu6GcfogH089cdN9707ujFzuUZiOfBvZ_KhMxe1pEuqLK9gnZwYp59AGUSYjI.VjF1qrg0-ActcJ2qcK01XCB16gZIY-gJLvZN2qixKeY&dib_tag=se&keywords=bags&qid=1709536601&sprefix=ba%2Caps%2C283&sr=8-5,"Lenovo 15.6"" (39.62cm) Slim Everyday Backpack, Made in India, Compact, Water-resistant, Organized storage:Laptop sleeve,tablet pocket,front workstation,2-side pockets,Padded adjustable shoulder straps  ",₹839,4.3 out of 5 stars,"8,877",Lenovo,B08R7RPVJF
https://www.amazon.in//Shalimar-Premium-Garbage-Large-Rolls/dp/B07KT98RKS/ref=sr_1_6?crid=2M096C61O4MLT&dib=eyJ2IjoiMSJ9.0GGB9r1MkwPxRE2Q4M2dxzW6oncZ9MDtC66TZKy4pw_Jdw5PpfBE4YOjluTI7k634JNfMoMOguDaglopiKIFeKzAktmye7-V5FCJfYOV4Tj6lO6TZzQaSrv6dgcqBpmg4DuDPJViLD718UqZRvtZf-3PsSeKxS2XAsuFTDQ-4lJHAdSu6GcfogH089cdN9707ujFzuUZiOfBvZ_KhMxe1pEuqLK9gnZwYp59AGUSYjI.VjF1qrg0-ActcJ2qcK01XCB16gZIY-gJLvZN2qixKeY&dib_tag=se&keywords=bags&qid=1709536601&sprefix=ba%2Caps%2C283&sr=8-6,Shalimar Premium Garbage Bags Size 24 X 32 Inches (Large) 60 Bags (4 rolls) Dustbin Bag/Trash Bag - Black Color  ,₹327,4.5 out of 5 stars,"28,668",,
https://www.amazon.in//Skybags-Brat-Green-Casual-Backpack/dp/B08Z21W4TG/ref=sr_1_7?crid=2M096C61O4MLT&dib=eyJ2IjoiMSJ9.0GGB9r1MkwPxRE2Q4M2dxzW6oncZ9MDtC66TZKy4pw_Jdw5PpfBE4YOjluTI7k634JNfMoMOguDaglopiKIFeKzAktmye7-V5FCJfYOV4Tj6lO6TZzQaSrv6dgcqBpmg4DuDPJViLD718UqZRvtZf-3PsSeKxS2XAsuFTDQ-4lJHAdSu6GcfogH089cdN9707ujFzuUZiOfBvZ_KhMxe1pEuqLK9gnZwYp59AGUSYjI.VjF1qrg0-ActcJ2qcK01XCB16gZIY-gJLvZN2qixKeY&dib_tag=se&keywords=bags&qid=1709536601&sprefix=ba%2Caps%2C283&sr=8-7,"Skybags One Size Brat 46 Cms, 22 Ltrs Casual Standard Backpack - Sea Green  ",₹469,4.0 out of 5 stars,"2,091","VIP Industries Ltd, VIP Industries Ltd, VIP Industries Limited, DGP House, 88C, Old Prabhadevi Road, Prabhadevi, Mumbai 400025. India",B08Z21W4TG
https://www.amazon.in//AmazonBasics-Vacuum-Compression-Storage-Bags/dp/B07RSCPH4N/ref=sr_1_8?crid=2M096C61O4MLT&dib=eyJ2IjoiMSJ9.0GGB9r1MkwPxRE2Q4M2dxzW6oncZ9MDtC66TZKy4pw_Jdw5PpfBE4YOjluTI7k634JNfMoMOguDaglopiKIFeKzAktmye7-V5FCJfYOV4Tj6lO6TZzQaSrv6dgcqBpmg4DuDPJViLD718UqZRvtZf-3PsSeKxS2XAsuFTDQ-4lJHAdSu6GcfogH089cdN9707ujFzuUZiOfBvZ_KhMxe1pEuqLK9gnZwYp59AGUSYjI.VjF1qrg0-ActcJ2qcK01XCB16gZIY-gJLvZN2qixKeY&dib_tag=se&keywords=bags&qid=1709536601&sprefix=ba%2Caps%2C283&sr=8-8,"amazon basics Vacuum Compression Storage Bags with Hand Pump - Large, 5-Pack, Plastic  ",₹749,4.3 out of 5 stars,"71,965","Ningbo Dropship International Co. ltd, Ningbo Dropship International Co. ltd, No.288, Songpuer Rd, Longshan, Cixi Ningbo Zhejiang",B07RSCPH4N
https://www.amazon.in//SFANE-Duffel-Shoulder-Women-Compartment/dp/B07XXFB9CZ/ref=sr_1_9?crid=2M096C61O4MLT&dib=eyJ2IjoiMSJ9.0GGB9r1MkwPxRE2Q4M2dxzW6oncZ9MDtC66TZKy4pw_Jdw5PpfBE4YOjluTI7k634JNfMoMOguDaglopiKIFeKzAktmye7-V5FCJfYOV4Tj6lO6TZzQaSrv6dgcqBpmg4DuDPJViLD718UqZRvtZf-3PsSeKxS2XAsuFTDQ-4lJHAdSu6GcfogH089cdN9707ujFzuUZiOfBvZ_KhMxe1pEuqLK9gnZwYp59AGUSYjI.VjF1qrg0-ActcJ2qcK01XCB16gZIY-gJLvZN2qixKeY&dib_tag=se&keywords=bags&qid=1709536601&sprefix=ba%2Caps%2C283&sr=8-9,Sfane Polyester 23cms Duffle/Shoulder/Gym Bag for Men & Women with Separate Shoe Compartment (Grey)  ,₹399,4.4 out of 5 stars,"9,392","Sfane, Sfane Trends",B07XXFB9CZ
https://www.amazon.in//Ezee-Garbage-Bag-inches-Pieces/dp/B06VX8YR6Q/ref=sr_1_10?crid=2M096C61O4MLT&dib=eyJ2IjoiMSJ9.0GGB9r1MkwPxRE2Q4M2dxzW6oncZ9MDtC66TZKy4pw_Jdw5PpfBE4YOjluTI7k634JNfMoMOguDaglopiKIFeKzAktmye7-V5FCJfYOV4Tj6lO6TZzQaSrv6dgcqBpmg4DuDPJViLD718UqZRvtZf-3PsSeKxS2XAsuFTDQ-4lJHAdSu6GcfogH089cdN9707ujFzuUZiOfBvZ_KhMxe1pEuqLK9gnZwYp59AGUSYjI.VjF1qrg0-ActcJ2qcK01XCB16gZIY-gJLvZN2qixKeY&dib_tag=se&keywords=bags&qid=1709536601&sprefix=ba%2Caps%2C283&sr=8-10,Ezee Black Garbage Bags for Dustbin | 90 Pcs | Medium 19 X 21 Inches | 30 Pcs x Pack of 3  ,₹167,4.2 out of 5 stars,"30,907","Alka Lifestyles Pvt Ltd, Alka Lifestyles Pvt Ltd,202 Everest Chamber,2nd flr,Marol Naka,Andheri east,Mumbai-400059; Tel: +91-22 4520 3000",B06VX8YR6Q
https://www.amazon.in//sspa/click?ie=UTF8&spc=MToyMzgyNzc1MjE0NDA0MDYzOjE3MDk1MzY2MDE6c3BfbXRmOjMwMDEzMzU2MTc5NTAzMjo6MDo6&url=%2FGenie-Miami-litres-Casual-Backpack%2Fdp%2FB07SRGGGNC%2Fref%3Dsr_1_11%3Fcrid%3D2M096C61O4MLT%26dib%3DeyJ2IjoiMSJ9.0GGB9r1MkwPxRE2Q4M2dxzW6oncZ9MDtC66TZKy4pw_Jdw5PpfBE4YOjluTI7k634JNfMoMOguDaglopiKIFeKzAktmye7-V5FCJfYOV4Tj6lO6TZzQaSrv6dgcqBpmg4DuDPJViLD718UqZRvtZf-3PsSeKxS2XAsuFTDQ-4lJHAdSu6GcfogH089cdN9707ujFzuUZiOfBvZ_KhMxe1pEuqLK9gnZwYp59AGUSYjI.VjF1qrg0-ActcJ2qcK01XCB16gZIY-gJLvZN2qixKeY%26dib_tag%3Dse%26keywords%3Dbags%26qid%3D1709536601%26sprefix%3Dba%252Caps%252C283%26sr%3D8-11-spons%26sp_csd%3Dd2lkZ2V0TmFtZT1zcF9tdGY%26psc%3D1,"Genie Miami Backpacks for Women, 14 inch, Stylish and Trendy Casual College Backpacks for Girls, Water Resistant and Lightweight Bag for Office and Travelling  ",₹649,4.2 out of 5 stars,"4,630","Safari, Safari Industries(India)Ltd.,302-303,A-Wing,The Qube CTS no-1498,A/2,MV road,Marol, Andheri(E), Mumbai-400059, Maharashtra. Phone Number +919819547085, Email Id : customercare@safari.in",B07SRGGGNC
https://www.amazon.in//sspa/click?ie=UTF8&spc=MToyMzgyNzc1MjE0NDA0MDYzOjE3MDk1MzY2MDE6c3BfbXRmOjMwMDEzMzU2MTc5NTIzMjo6MDo6&url=%2FGenie-Flamenco2-Backpack-Compatible-Resistant%2Fdp%2FB08YF1XJXY%2Fref%3Dsr_1_12%3Fcrid%3D2M096C61O4MLT%26dib%3DeyJ2IjoiMSJ9.0GGB9r1MkwPxRE2Q4M2dxzW6oncZ9MDtC66TZKy4pw_Jdw5PpfBE4YOjluTI7k634JNfMoMOguDaglopiKIFeKzAktmye7-V5FCJfYOV4Tj6lO6TZzQaSrv6dgcqBpmg4DuDPJViLD718UqZRvtZf-3PsSeKxS2XAsuFTDQ-4lJHAdSu6GcfogH089cdN9707ujFzuUZiOfBvZ_KhMxe1pEuqLK9gnZwYp59AGUSYjI.VjF1qrg0-ActcJ2qcK01XCB16gZIY-gJLvZN2qixKeY%26dib_tag%3Dse%26keywords%3Dbags%26qid%3D1709536601%26sprefix%3Dba%252Caps%252C283%26sr%3D8-12-spons%26sp_csd%3Dd2lkZ2V0TmFtZT1zcF9tdGY%26psc%3D1,"Genie Flamenco Laptop Backpack for Women, 16 inches Office Bag, Sky Blue Stylish and Trendy Bag for Office and College  ",₹749,4.4 out of 5 stars,"1,214","Safari, Safari Industries(India)Ltd.,302-303,A-Wing,The Qube CTS no-1498,A/2,MV road,Marol, Andheri(E), Mumbai-400059, Maharashtra. Phone Number +919819547085, Email Id : customercare@safari.in",B08YF1XJXY
https://www.amazon.in//Amazon-Brand-Presto-Oxo-Biodegradable-Garbage/dp/B0821PN8L4/ref=sr_1_13?crid=2M096C61O4MLT&dib=eyJ2IjoiMSJ9.0GGB9r1MkwPxRE2Q4M2dxzW6oncZ9MDtC66TZKy4pw_Jdw5PpfBE4YOjluTI7k634JNfMoMOguDaglopiKIFeKzAktmye7-V5FCJfYOV4Tj6lO6TZzQaSrv6dgcqBpmg4DuDPJViLD718UqZRvtZf-3PsSeKxS2XAsuFTDQ-4lJHAdSu6GcfogH089cdN9707ujFzuUZiOfBvZ_KhMxe1pEuqLK9gnZwYp59AGUSYjI.VjF1qrg0-ActcJ2qcK01XCB16gZIY-gJLvZN2qixKeY&dib_tag=se&keywords=bags&qid=1709536601&sprefix=ba%2Caps%2C283&sr=8-13,"Presto! Garbage Bags, Medium - (19 x 21 inches) - 30 bags/roll, 180 count (Pack of 6, Black)  ",₹329,4.4 out of 5 stars,"39,533","Narendar Plastics Pvt.Ltd, Narendar Plastics Pvt.Ltd , Survey no.436/1&2, Village Dabhel,Daman-396210(U.T.) Ph no :+91-22-26852500",B0821PN8L4
https://www.amazon.in//Wesley-Milestone-Waterproof-Backpack-Business/dp/B07K8KLB3P/ref=sr_1_14?crid=2M096C61O4MLT&dib=eyJ2IjoiMSJ9.0GGB9r1MkwPxRE2Q4M2dxzW6oncZ9MDtC66TZKy4pw_Jdw5PpfBE4YOjluTI7k634JNfMoMOguDaglopiKIFeKzAktmye7-V5FCJfYOV4Tj6lO6TZzQaSrv6dgcqBpmg4DuDPJViLD718UqZRvtZf-3PsSeKxS2XAsuFTDQ-4lJHAdSu6GcfogH089cdN9707ujFzuUZiOfBvZ_KhMxe1pEuqLK9gnZwYp59AGUSYjI.VjF1qrg0-ActcJ2qcK01XCB16gZIY-gJLvZN2qixKeY&dib_tag=se&keywords=bags&qid=1709536601&sprefix=ba%2Caps%2C283&sr=8-14,Wesley Milestone 15.6 inch 25 L Casual Waterproof Laptop Backpack/Office Bag/School Bag/College Bag/Business Bag/Unisex Travel Backpack  ,₹398,4.3 out of 5 stars,"14,345","Wesley, Longani Trading Company, F-82, Sector-1, Bawana Industrial Area, Delhi-110039",B07K8KLB3P
https://www.amazon.in//Wesley-Milestone-Waterproof-Backpack-Business/dp/B07NJRPJ6Q/ref=sr_1_15?crid=2M096C61O4MLT&dib=eyJ2IjoiMSJ9.0GGB9r1MkwPxRE2Q4M2dxzW6oncZ9MDtC66TZKy4pw_Jdw5PpfBE4YOjluTI7k634JNfMoMOguDaglopiKIFeKzAktmye7-V5FCJfYOV4Tj6lO6TZzQaSrv6dgcqBpmg4DuDPJViLD718UqZRvtZf-3PsSeKxS2XAsuFTDQ-4lJHAdSu6GcfogH089cdN9707ujFzuUZiOfBvZ_KhMxe1pEuqLK9gnZwYp59AGUSYjI.VjF1qrg0-ActcJ2qcK01XCB16gZIY-gJLvZN2qixKeY&dib_tag=se&keywords=bags&qid=1709536601&sprefix=ba%2Caps%2C283&sr=8-15,Wesley Milestone 15.6 inch 25 L Casual Waterproof Laptop Backpack/Office Bag/School Bag/College Bag/Business Bag/Unisex Travel Backpack  ,₹399,4.3 out of 5 stars,"14,345","Wesley, Longani Trading Company, F-82, Sector-1, Bawana Industrial Area, Delhi-110039",B07NJRPJ6Q
https://www.amazon.in//Half-Moon-Resistant-Backpack-Compartment/dp/B0BJ32LQ6X/ref=sr_1_16?crid=2M096C61O4MLT&dib=eyJ2IjoiMSJ9.0GGB9r1MkwPxRE2Q4M2dxzW6oncZ9MDtC66TZKy4pw_Jdw5PpfBE4YOjluTI7k634JNfMoMOguDaglopiKIFeKzAktmye7-V5FCJfYOV4Tj6lO6TZzQaSrv6dgcqBpmg4DuDPJViLD718UqZRvtZf-3PsSeKxS2XAsuFTDQ-4lJHAdSu6GcfogH089cdN9707ujFzuUZiOfBvZ_KhMxe1pEuqLK9gnZwYp59AGUSYjI.VjF1qrg0-ActcJ2qcK01XCB16gZIY-gJLvZN2qixKeY&dib_tag=se&keywords=bags&qid=1709536601&sprefix=ba%2Caps%2C283&sr=8-16,Half Moon Large 37L Laptop Bag Backpack for menं Women Boys and Girls Luggage Travel Bags with 17.3 inches Laptop Compartment & Rain Cover  ,₹849,3.9 out of 5 stars,"5,197","Amazing Bags, Half moon New Delhi",B0BJ32LQ6X
https://www.amazon.in//ADISA-BP010-Weight-Casual-Backpack/dp/B07MXL986B/ref=sr_1_17?crid=2M096C61O4MLT&dib=eyJ2IjoiMSJ9.0GGB9r1MkwPxRE2Q4M2dxzW6oncZ9MDtC66TZKy4pw_Jdw5PpfBE4YOjluTI7k634JNfMoMOguDaglopiKIFeKzAktmye7-V5FCJfYOV4Tj6lO6TZzQaSrv6dgcqBpmg4DuDPJViLD718UqZRvtZf-3PsSeKxS2XAsuFTDQ-4lJHAdSu6GcfogH089cdN9707ujFzuUZiOfBvZ_KhMxe1pEuqLK9gnZwYp59AGUSYjI.VjF1qrg0-ActcJ2qcK01XCB16gZIY-gJLvZN2qixKeY&dib_tag=se&keywords=bags&qid=1709536601&sprefix=ba%2Caps%2C283&sr=8-17,ADISA 32 Ltrs Water Resistant Casual Travel Bagpack/College Backpack/School Office Bag for Men and Women  ,₹499,3.9 out of 5 stars,"4,642","ADISA, ADISA INTERNATIONAL, 42/34, Upper Ground Floor, DLF Industrial Area, Kirti Nagar, New Delhi 110015, careadisa@gmail.com",B07MXL986B
https://www.amazon.in//Half-Moon-Laptop-Bag-Compartment/dp/B0C1NZLF67/ref=sr_1_18?crid=2M096C61O4MLT&dib=eyJ2IjoiMSJ9.0GGB9r1MkwPxRE2Q4M2dxzW6oncZ9MDtC66TZKy4pw_Jdw5PpfBE4YOjluTI7k634JNfMoMOguDaglopiKIFeKzAktmye7-V5FCJfYOV4Tj6lO6TZzQaSrv6dgcqBpmg4DuDPJViLD718UqZRvtZf-3PsSeKxS2XAsuFTDQ-4lJHAdSu6GcfogH089cdN9707ujFzuUZiOfBvZ_KhMxe1pEuqLK9gnZwYp59AGUSYjI.VjF1qrg0-ActcJ2qcK01XCB16gZIY-gJLvZN2qixKeY&dib_tag=se&keywords=bags&qid=1709536601&sprefix=ba%2Caps%2C283&sr=8-18,Half Moon Valex Unisex School Bag/ 15.6 inch Laptop Backpack/College Bagpack/Office Back Packed | Laptop Bag for Men Women | School Bags for Boys & Girls with Small Pockets & Laptop Compartment  ,₹650,3.9 out of 5 stars,343,Half_Moon,B0C1NZLF67
https://www.amazon.in//Business-Shoulder-Leather-Material-Resistant/dp/B07MH9SJS1/ref=sr_1_19?crid=2M096C61O4MLT&dib=eyJ2IjoiMSJ9.0GGB9r1MkwPxRE2Q4M2dxzW6oncZ9MDtC66TZKy4pw_Jdw5PpfBE4YOjluTI7k634JNfMoMOguDaglopiKIFeKzAktmye7-V5FCJfYOV4Tj6lO6TZzQaSrv6dgcqBpmg4DuDPJViLD718UqZRvtZf-3PsSeKxS2XAsuFTDQ-4lJHAdSu6GcfogH089cdN9707ujFzuUZiOfBvZ_KhMxe1pEuqLK9gnZwYp59AGUSYjI.VjF1qrg0-ActcJ2qcK01XCB16gZIY-gJLvZN2qixKeY&dib_tag=se&keywords=bags&qid=1709536601&sprefix=ba%2Caps%2C283&sr=8-19,"ZOUK Vegan Leather Women's Office Bag for 15.6 inch Laptop, MacBook  ","₹1,449",4.3 out of 5 stars,150,"Zouk, Sea Turtle Pvt Ltd, Near Kalher Village, Building No 1-6/H No 196/Gala No 1-5, 1st Floor, Shree Arihant Complex, Bhiwandi Road, Kopar, Bhiwandi, Thane, Maharashtra - 421302",B07MH9SJS1
https://www.amazon.in//Murano-Casual-daybackpack-Office-College/dp/B0BX9GLFD6/ref=sr_1_20?crid=2M096C61O4MLT&dib=eyJ2IjoiMSJ9.0GGB9r1MkwPxRE2Q4M2dxzW6oncZ9MDtC66TZKy4pw_Jdw5PpfBE4YOjluTI7k634JNfMoMOguDaglopiKIFeKzAktmye7-V5FCJfYOV4Tj6lO6TZzQaSrv6dgcqBpmg4DuDPJViLD718UqZRvtZf-3PsSeKxS2XAsuFTDQ-4lJHAdSu6GcfogH089cdN9707ujFzuUZiOfBvZ_KhMxe1pEuqLK9gnZwYp59AGUSYjI.VjF1qrg0-ActcJ2qcK01XCB16gZIY-gJLvZN2qixKeY&dib_tag=se&keywords=bags&qid=1709536601&sprefix=ba%2Caps%2C283&sr=8-20,Murano Louis 10ltr Small Casual daybackpack/Office & Travel Bag/School Bag/College Bag/Men/Women/Girl/Boy (Dark grey)  ,₹189,3.7 out of 5 stars,389,Avon Lifestyle Pvt Ltd,B0BX9GLFD6
https://www.amazon.in//sspa/click?ie=UTF8&spc=MToyMzgyNzc1MjE0NDA0MDYzOjE3MDk1MzY2MDE6c3BfYnRmOjIwMDQ5MDk5ODk1MDA4OjowOjo&url=%2FLunars-Comet-Resistant-Casual-Backpack%2Fdp%2FB07WNFN1XS%2Fref%3Dsr_1_21%3Fcrid%3D2M096C61O4MLT%26dib%3DeyJ2IjoiMSJ9.0GGB9r1MkwPxRE2Q4M2dxzW6oncZ9MDtC66TZKy4pw_Jdw5PpfBE4YOjluTI7k634JNfMoMOguDaglopiKIFeKzAktmye7-V5FCJfYOV4Tj6lO6TZzQaSrv6dgcqBpmg4DuDPJViLD718UqZRvtZf-3PsSeKxS2XAsuFTDQ-4lJHAdSu6GcfogH089cdN9707ujFzuUZiOfBvZ_KhMxe1pEuqLK9gnZwYp59AGUSYjI.VjF1qrg0-ActcJ2qcK01XCB16gZIY-gJLvZN2qixKeY%26dib_tag%3Dse%26keywords%3Dbags%26qid%3D1709536601%26sprefix%3Dba%252Caps%252C283%26sr%3D8-21-spons%26sp_csd%3Dd2lkZ2V0TmFtZT1zcF9idGY%26psc%3D1,Lunar's Comet 35L Water Resistant Travel Bagpack/College Backpack/School Bag/Office Bag/Business Backpack/Daypack for Men and Women with 1 Year Warranty  ,₹781,4.0 out of 5 stars,"14,230","Lunar's, Akshaya Rubbers, Hebbal Industrial Area, Mysore",B07WNFN1XS
https://www.amazon.in//sspa/click?ie=UTF8&spc=MTo0MzU3NjI1NTUzNzQwNjM6MTcwOTUzNjYxMTpzcF9hdGZfbmV4dDoyMDA5NDkwOTU5ODM5ODo6MDo6&url=%2FLunars-Comet-4-Resistant-Casual-Backpack%2Fdp%2FB083FZHDQJ%2Fref%3Dsr_1_33%3Fcrid%3D2M096C61O4MLT%26dib%3DeyJ2IjoiMSJ9.0KlqTCzIT_LVpqxQ_4NDBPzy4l-QoUfBy9oQfPIjtFt7wDn2AP47ijgTeXkjiT1tMroJ4f9VAKqW5VsIjV_0qUova1Ip3jy8KnlJ3F5BPjalc9pgjKkpzY4EyXUUfu8eqxMg0zec-oJl7E8dhaT2G57op4dMxaTyxL8mmPGl5oLIRtvOfZtnziLV9qco0H2Ji474PrMEEQm_qEoT7NgxdXF7AfvBFnSzPdxI9wcu99g.rBU4hOXQ2dmvcXK-GXggAt7CpfRGCe8KdWjSEc5Cnpo%26dib_tag%3Dse%26keywords%3Dbags%26qid%3D1709536611%26sprefix%3Dba%252Caps%252C283%26sr%3D8-33-spons%26sp_csd%3Dd2lkZ2V0TmFtZT1zcF9hdGZfbmV4dA%26psc%3D1,Lunar's Comet 35L Water Resistant Travel Bagpack/College Backpack/School Bag/Office Bag/Business Backpack/Daypack for Men and Women with 1 Year Warranty  ,₹781,4.0 out of 5 stars,"14,230","Lunar's, Akshaya Rubbers, Hebbal Industrial Area, Mysore",B083FZHDQJ
https://www.amazon.in//sspa/click?ie=UTF8&spc=MTo0MzU3NjI1NTUzNzQwNjM6MTcwOTUzNjYxMTpzcF9hdGZfbmV4dDoyMDA0OTA5OTg5MzkwODo6MDo6&url=%2FLunars-Travel-Laptop-Bag-compartments%2Fdp%2FB08NHH8Q5X%2Fref%3Dsr_1_34%3Fcrid%3D2M096C61O4MLT%26dib%3DeyJ2IjoiMSJ9.0KlqTCzIT_LVpqxQ_4NDBPzy4l-QoUfBy9oQfPIjtFt7wDn2AP47ijgTeXkjiT1tMroJ4f9VAKqW5VsIjV_0qUova1Ip3jy8KnlJ3F5BPjalc9pgjKkpzY4EyXUUfu8eqxMg0zec-oJl7E8dhaT2G57op4dMxaTyxL8mmPGl5oLIRtvOfZtnziLV9qco0H2Ji474PrMEEQm_qEoT7NgxdXF7AfvBFnSzPdxI9wcu99g.rBU4hOXQ2dmvcXK-GXggAt7CpfRGCe8KdWjSEc5Cnpo%26dib_tag%3Dse%26keywords%3Dbags%26qid%3D1709536611%26sprefix%3Dba%252Caps%252C283%26sr%3D8-34-spons%26sp_csd%3Dd2lkZ2V0TmFtZT1zcF9hdGZfbmV4dA%26psc%3D1,"Lunar's Unisex 50L Water Resistant Office/Travel/Business Laptop Backpack, Bag for up to 17.3 inch Laptop/MacBook with rain Cover and 2 Large compartments  ","₹1,103",4.0 out of 5 stars,"2,915","Akshaya Rubbers, Hebbal Industrial Area, Mysore, 7022982998",B08NHH8Q5X
https://www.amazon.in//Backpack-Business-Backpacks-Charging-Resistant/dp/B094DGXXR5/ref=sr_1_35?crid=2M096C61O4MLT&dib=eyJ2IjoiMSJ9.0KlqTCzIT_LVpqxQ_4NDBPzy4l-QoUfBy9oQfPIjtFt7wDn2AP47ijgTeXkjiT1tMroJ4f9VAKqW5VsIjV_0qUova1Ip3jy8KnlJ3F5BPjalc9pgjKkpzY4EyXUUfu8eqxMg0zec-oJl7E8dhaT2G57op4dMxaTyxL8mmPGl5oLIRtvOfZtnziLV9qco0H2Ji474PrMEEQm_qEoT7NgxdXF7AfvBFnSzPdxI9wcu99g.rBU4hOXQ2dmvcXK-GXggAt7CpfRGCe8KdWjSEc5Cnpo&dib_tag=se&keywords=bags&qid=1709536611&sprefix=ba%2Caps%2C283&sr=8-35,"FUR JADEN Travel Laptop Backpack, Business Backpacks with USB Charging Port, Water Resistant College School Computer Bag for Men & Women Fits Under 15.6 inch Laptop and Notebook  ","₹1,049",4.2 out of 5 stars,736,"Fur Jaden, FUR JADEN, 3C Jai Hind Bld, Dr AM Road, Bhuleshwar, Mumbai 400002",B094DGXXR5
https://www.amazon.in//Wesley-Milestone-Waterproof-Backpack-Business/dp/B084JGJ8PF/ref=sr_1_36?crid=2M096C61O4MLT&dib=eyJ2IjoiMSJ9.0KlqTCzIT_LVpqxQ_4NDBPzy4l-QoUfBy9oQfPIjtFt7wDn2AP47ijgTeXkjiT1tMroJ4f9VAKqW5VsIjV_0qUova1Ip3jy8KnlJ3F5BPjalc9pgjKkpzY4EyXUUfu8eqxMg0zec-oJl7E8dhaT2G57op4dMxaTyxL8mmPGl5oLIRtvOfZtnziLV9qco0H2Ji474PrMEEQm_qEoT7NgxdXF7AfvBFnSzPdxI9wcu99g.rBU4hOXQ2dmvcXK-GXggAt7CpfRGCe8KdWjSEc5Cnpo&dib_tag=se&keywords=bags&qid=1709536611&sprefix=ba%2Caps%2C283&sr=8-36,Wesley Milestone 2.0 Casual Waterproof Laptop Backpack/Office Bag/School Bag/College Bag/Business Bag/Travel Backpack (Dimensions:13x18 inches) (Compatible with 15.6 inch laptop) 30 L (Blue & black)  ,₹549,4.3 out of 5 stars,"14,993",Wesley,B084JGJ8PF
https://www.amazon.in//Amazon-Basics-Laptop-College-Backpack/dp/B0C8NX7HTX/ref=sr_1_37?crid=2M096C61O4MLT&dib=eyJ2IjoiMSJ9.0KlqTCzIT_LVpqxQ_4NDBPzy4l-QoUfBy9oQfPIjtFt7wDn2AP47ijgTeXkjiT1tMroJ4f9VAKqW5VsIjV_0qUova1Ip3jy8KnlJ3F5BPjalc9pgjKkpzY4EyXUUfu8eqxMg0zec-oJl7E8dhaT2G57op4dMxaTyxL8mmPGl5oLIRtvOfZtnziLV9qco0H2Ji474PrMEEQm_qEoT7NgxdXF7AfvBFnSzPdxI9wcu99g.rBU4hOXQ2dmvcXK-GXggAt7CpfRGCe8KdWjSEc5Cnpo&dib_tag=se&keywords=bags&qid=1709536611&sprefix=ba%2Caps%2C283&sr=8-37,"Amazon Basics Opel Laptop Bag/Office/College Backpack for 15.6 inch laptop(20 L, Black)  ",₹529,4.1 out of 5 stars,233,Outshiny India Pvt. Ltd.,B0C8NX7HTX
https://www.amazon.in//Wesley-Milestone-Waterproof-Backpack-Business/dp/B085S444JV/ref=sr_1_38?crid=2M096C61O4MLT&dib=eyJ2IjoiMSJ9.0KlqTCzIT_LVpqxQ_4NDBPzy4l-QoUfBy9oQfPIjtFt7wDn2AP47ijgTeXkjiT1tMroJ4f9VAKqW5VsIjV_0qUova1Ip3jy8KnlJ3F5BPjalc9pgjKkpzY4EyXUUfu8eqxMg0zec-oJl7E8dhaT2G57op4dMxaTyxL8mmPGl5oLIRtvOfZtnziLV9qco0H2Ji474PrMEEQm_qEoT7NgxdXF7AfvBFnSzPdxI9wcu99g.rBU4hOXQ2dmvcXK-GXggAt7CpfRGCe8KdWjSEc5Cnpo&dib_tag=se&keywords=bags&qid=1709536611&sprefix=ba%2Caps%2C283&sr=8-38,"Wesley Milestone 2.0 Casual Waterproof Laptop Backpack/Office Bag/School Bag/College Bag/Business Bag/Travel Backpack (Dimensions:13x18 inches) (Compatible with 15.6"" laptop) 30 L, Charcoal black  ",₹549,4.3 out of 5 stars,"14,993",Wesley,B085S444JV
https://www.amazon.in//American-Tourister-BACKPACK-COMPARTMENT-ORGANIZER/dp/B0BTD4S4XF/ref=sr_1_39?crid=2M096C61O4MLT&dib=eyJ2IjoiMSJ9.0KlqTCzIT_LVpqxQ_4NDBPzy4l-QoUfBy9oQfPIjtFt7wDn2AP47ijgTeXkjiT1tMroJ4f9VAKqW5VsIjV_0qUova1Ip3jy8KnlJ3F5BPjalc9pgjKkpzY4EyXUUfu8eqxMg0zec-oJl7E8dhaT2G57op4dMxaTyxL8mmPGl5oLIRtvOfZtnziLV9qco0H2Ji474PrMEEQm_qEoT7NgxdXF7AfvBFnSzPdxI9wcu99g.rBU4hOXQ2dmvcXK-GXggAt7CpfRGCe8KdWjSEc5Cnpo&dib_tag=se&keywords=bags&qid=1709536611&sprefix=ba%2Caps%2C283&sr=8-39,American Tourister Valex 28 Ltrs Large Laptop Backpack with Bottle Pocket and Front Organizer- Black  ,"₹1,099",4.3 out of 5 stars,"4,044","EXPERTS, China",B0BTD4S4XF
https://www.amazon.in//TRUE-Emperor-Anti-Theft-backpack-charging/dp/B0BYB631NR/ref=sr_1_40?crid=2M096C61O4MLT&dib=eyJ2IjoiMSJ9.0KlqTCzIT_LVpqxQ_4NDBPzy4l-QoUfBy9oQfPIjtFt7wDn2AP47ijgTeXkjiT1tMroJ4f9VAKqW5VsIjV_0qUova1Ip3jy8KnlJ3F5BPjalc9pgjKkpzY4EyXUUfu8eqxMg0zec-oJl7E8dhaT2G57op4dMxaTyxL8mmPGl5oLIRtvOfZtnziLV9qco0H2Ji474PrMEEQm_qEoT7NgxdXF7AfvBFnSzPdxI9wcu99g.rBU4hOXQ2dmvcXK-GXggAt7CpfRGCe8KdWjSEc5Cnpo&dib_tag=se&keywords=bags&qid=1709536611&sprefix=ba%2Caps%2C283&sr=8-40,"TRUE HUMAN® Emperor Anti-Theft Pocket backpack With USB charging Port Laptop,office,college,travel bag for men and women(Epower)  ",₹689,3.7 out of 5 stars,805,Rama luxury store,B0BYB631NR
https://www.amazon.in//Half-Moon-Resistant-Organiser-Compartment/dp/B0CNY1H299/ref=sr_1_41?crid=2M096C61O4MLT&dib=eyJ2IjoiMSJ9.0KlqTCzIT_LVpqxQ_4NDBPzy4l-QoUfBy9oQfPIjtFt7wDn2AP47ijgTeXkjiT1tMroJ4f9VAKqW5VsIjV_0qUova1Ip3jy8KnlJ3F5BPjalc9pgjKkpzY4EyXUUfu8eqxMg0zec-oJl7E8dhaT2G57op4dMxaTyxL8mmPGl5oLIRtvOfZtnziLV9qco0H2Ji474PrMEEQm_qEoT7NgxdXF7AfvBFnSzPdxI9wcu99g.rBU4hOXQ2dmvcXK-GXggAt7CpfRGCe8KdWjSEc5Cnpo&dib_tag=se&keywords=bags&qid=1709536611&sprefix=ba%2Caps%2C283&sr=8-41,Half Moon Spectre 35L Water Resistant 15.6 inch Laptop Bag for Men Women | Office/College/School Backpack with Internal Organiser & Padded Laptop Compartment  ,₹699,4.0 out of 5 stars,54,"Amazing Bags, Half Moon, New Delhi",B0CNY1H299
https://www.amazon.in//Wildcraft-Wolf_Blk-Casual-Backpack-11629-Wolf_Blk/dp/B079DDT65R/ref=sr_1_42?crid=2M096C61O4MLT&dib=eyJ2IjoiMSJ9.0KlqTCzIT_LVpqxQ_4NDBPzy4l-QoUfBy9oQfPIjtFt7wDn2AP47ijgTeXkjiT1tMroJ4f9VAKqW5VsIjV_0qUova1Ip3jy8KnlJ3F5BPjalc9pgjKkpzY4EyXUUfu8eqxMg0zec-oJl7E8dhaT2G57op4dMxaTyxL8mmPGl5oLIRtvOfZtnziLV9qco0H2Ji474PrMEEQm_qEoT7NgxdXF7AfvBFnSzPdxI9wcu99g.rBU4hOXQ2dmvcXK-GXggAt7CpfRGCe8KdWjSEc5Cnpo&dib_tag=se&keywords=bags&qid=1709536611&sprefix=ba%2Caps%2C283&sr=8-42,Wildcraft Nylon 44 Ltrs Casual Backpack (11629-Wolf_Black)  ,"₹1,570",4.3 out of 5 stars,"6,220","Wildcraft, Wildcraft, No. 4AC-401, 2nd Block, Hennur Road, BDA Layout, Bangalore City Corporation Ward No. 89, Kammanahalli, Bengaluru, Karnataka 560084; Phome: 9930076456",B079DDT65R
https://www.amazon.in//sspa/click?ie=UTF8&spc=MTo0MzU3NjI1NTUzNzQwNjM6MTcwOTUzNjYxMTpzcF9tdGY6MzAwMDk2NDk0MTQyNDMyOjowOjo&url=%2Fuppercase-Professional-Backpack-resistant-sustainable%2Fdp%2FB0BRMWDNZ7%2Fref%3Dsr_1_43%3Fcrid%3D2M096C61O4MLT%26dib%3DeyJ2IjoiMSJ9.0KlqTCzIT_LVpqxQ_4NDBPzy4l-QoUfBy9oQfPIjtFt7wDn2AP47ijgTeXkjiT1tMroJ4f9VAKqW5VsIjV_0qUova1Ip3jy8KnlJ3F5BPjalc9pgjKkpzY4EyXUUfu8eqxMg0zec-oJl7E8dhaT2G57op4dMxaTyxL8mmPGl5oLIRtvOfZtnziLV9qco0H2Ji474PrMEEQm_qEoT7NgxdXF7AfvBFnSzPdxI9wcu99g.rBU4hOXQ2dmvcXK-GXggAt7CpfRGCe8KdWjSEc5Cnpo%26dib_tag%3Dse%26keywords%3Dbags%26qid%3D1709536611%26sprefix%3Dba%252Caps%252C283%26sr%3D8-43-spons%26sp_csd%3Dd2lkZ2V0TmFtZT1zcF9tdGY%26psc%3D1,"uppercase 26 Ltrs Ryder Professional Laptop Backpack (15.6 Inch) 3x more water resistant sustainable bags with rain proof zippers for Men, Women, Boys and Girls, 750 Days warranty  ","₹2,269",4.2 out of 5 stars,159,"Acefour Accessories Pvt. Ltd., Acefour Accessories Pvt. Ltd. , Lodha Supremus Corp. Tower, Unit 1202,12th Floor,Saki Vihar road, Chandivali, Tunga Village, Opp. MTNL office, Andheri E, Mumbai -400072, Maharashtra, India. Customer Care: Email : customercare@uppercase.co.in & Contact no. +91 8691 800 800",B0BRMWDNZ7
https://www.amazon.in//sspa/click?ie=UTF8&spc=MTo0MzU3NjI1NTUzNzQwNjM6MTcwOTUzNjYxMTpzcF9tdGY6MzAwMTM5OTQ0MzkzNDMyOjowOjo&url=%2FTTH-Gear-Lightweight-Laptop-Backpack%2Fdp%2FB0CS9BNVJH%2Fref%3Dsr_1_44%3Fcrid%3D2M096C61O4MLT%26dib%3DeyJ2IjoiMSJ9.0KlqTCzIT_LVpqxQ_4NDBPzy4l-QoUfBy9oQfPIjtFt7wDn2AP47ijgTeXkjiT1tMroJ4f9VAKqW5VsIjV_0qUova1Ip3jy8KnlJ3F5BPjalc9pgjKkpzY4EyXUUfu8eqxMg0zec-oJl7E8dhaT2G57op4dMxaTyxL8mmPGl5oLIRtvOfZtnziLV9qco0H2Ji474PrMEEQm_qEoT7NgxdXF7AfvBFnSzPdxI9wcu99g.rBU4hOXQ2dmvcXK-GXggAt7CpfRGCe8KdWjSEc5Cnpo%26dib_tag%3Dse%26keywords%3Dbags%26qid%3D1709536611%26sprefix%3Dba%252Caps%252C283%26sr%3D8-44-spons%26sp_csd%3Dd2lkZ2V0TmFtZT1zcF9tdGY%26psc%3D1,"TTH Gear Lightweight Laptop Backpack: Trendy for School, College, & Office (Men & Women)  ",₹699,5.0 out of 5 stars,9,"True Trade Hub, Near Civil Hospital, Subhash Road, Parbhani 431401 Maharashtra",B0CS9BNVJH
https://www.amazon.in//Safari-Laptop-Backpack-Resistant-Fabric/dp/B09B28TKLG/ref=sr_1_45?crid=2M096C61O4MLT&dib=eyJ2IjoiMSJ9.0KlqTCzIT_LVpqxQ_4NDBPzy4l-QoUfBy9oQfPIjtFt7wDn2AP47ijgTeXkjiT1tMroJ4f9VAKqW5VsIjV_0qUova1Ip3jy8KnlJ3F5BPjalc9pgjKkpzY4EyXUUfu8eqxMg0zec-oJl7E8dhaT2G57op4dMxaTyxL8mmPGl5oLIRtvOfZtnziLV9qco0H2Ji474PrMEEQm_qEoT7NgxdXF7AfvBFnSzPdxI9wcu99g.rBU4hOXQ2dmvcXK-GXggAt7CpfRGCe8KdWjSEc5Cnpo&dib_tag=se&keywords=bags&qid=1709536611&sprefix=ba%2Caps%2C283&sr=8-45,Safari Quill Large Laptop Backpack 26 Ltrs Water Resistant Fabric - Blue  ,₹849,4.0 out of 5 stars,"1,044","Safari Industries, 302-303, A Wing, The Qube CTS No.1498, A/2, Sir Mathuradas Vasanji Rd, Marol, Andheri East, Mumbai, Maharashtra 400059",B09B28TKLG
https://www.amazon.in//F-Gear-String-Polyester-33-cms-Black-Drawstring-Gym-Bag/dp/B07PC28YQ9/ref=sr_1_46?crid=2M096C61O4MLT&dib=eyJ2IjoiMSJ9.0KlqTCzIT_LVpqxQ_4NDBPzy4l-QoUfBy9oQfPIjtFt7wDn2AP47ijgTeXkjiT1tMroJ4f9VAKqW5VsIjV_0qUova1Ip3jy8KnlJ3F5BPjalc9pgjKkpzY4EyXUUfu8eqxMg0zec-oJl7E8dhaT2G57op4dMxaTyxL8mmPGl5oLIRtvOfZtnziLV9qco0H2Ji474PrMEEQm_qEoT7NgxdXF7AfvBFnSzPdxI9wcu99g.rBU4hOXQ2dmvcXK-GXggAt7CpfRGCe8KdWjSEc5Cnpo&dib_tag=se&keywords=bags&qid=1709536611&sprefix=ba%2Caps%2C283&sr=8-46,F Gear String 11 Ltrs Gym Bag  ,₹190,4.1 out of 5 stars,942,"Uber Fashion Merchandise Pvt. Ltd., F Gear, Jindal Edifice, No 90/2, 3rd Main, 2nd Stage, Industrial Suburb, Yeshwantpur, Bengaluru, Karnataka 560022",B07PC28YQ9
https://www.amazon.in//INKMILAN-Waterproof-Anti-theft-CrossBody-Password/dp/B0CKBFWMSB/ref=sr_1_47?crid=2M096C61O4MLT&dib=eyJ2IjoiMSJ9.0KlqTCzIT_LVpqxQ_4NDBPzy4l-QoUfBy9oQfPIjtFt7wDn2AP47ijgTeXkjiT1tMroJ4f9VAKqW5VsIjV_0qUova1Ip3jy8KnlJ3F5BPjalc9pgjKkpzY4EyXUUfu8eqxMg0zec-oJl7E8dhaT2G57op4dMxaTyxL8mmPGl5oLIRtvOfZtnziLV9qco0H2Ji474PrMEEQm_qEoT7NgxdXF7AfvBFnSzPdxI9wcu99g.rBU4hOXQ2dmvcXK-GXggAt7CpfRGCe8KdWjSEc5Cnpo&dib_tag=se&keywords=bags&qid=1709536611&sprefix=ba%2Caps%2C283&sr=8-47,INKMILAN Multifunction Password Anti-Theft Sacgear Backpack Sling Bag Shoulder Crossbody Chest Bag with USB Charging Port Lightweight - Casual Daypack  ,"₹1,069",3.9 out of 5 stars,150,"Entitle Elegance Pvt. Ltd., Entitle Elegance Pvt. Ltd.",B0CKBFWMSB
https://www.amazon.in//Red-Lemon-Ironlook-Briefcase-Anti-Theft/dp/B09ZYMT7V1/ref=sr_1_48?crid=2M096C61O4MLT&dib=eyJ2IjoiMSJ9.0KlqTCzIT_LVpqxQ_4NDBPzy4l-QoUfBy9oQfPIjtFt7wDn2AP47ijgTeXkjiT1tMroJ4f9VAKqW5VsIjV_0qUova1Ip3jy8KnlJ3F5BPjalc9pgjKkpzY4EyXUUfu8eqxMg0zec-oJl7E8dhaT2G57op4dMxaTyxL8mmPGl5oLIRtvOfZtnziLV9qco0H2Ji474PrMEEQm_qEoT7NgxdXF7AfvBFnSzPdxI9wcu99g.rBU4hOXQ2dmvcXK-GXggAt7CpfRGCe8KdWjSEc5Cnpo&dib_tag=se&keywords=bags&qid=1709536611&sprefix=ba%2Caps%2C283&sr=8-48,Red Lemon Bange Hard Ironlook Briefcase Laptop Bag Anti-Theft Hard Shell Unisex Laptop Backpack with USB Charging Backpack for Men and Women  ,"₹4,999",4.4 out of 5 stars,159,Encon Impex Pvt Ltd,B09ZYMT7V1
https://www.amazon.in//Lunars-Bingo-Laptop-Resistant-48L/dp/B08YZ8FFBZ/ref=sr_1_49?crid=2M096C61O4MLT&dib=eyJ2IjoiMSJ9.0KlqTCzIT_LVpqxQ_4NDBPzy4l-QoUfBy9oQfPIjtFt7wDn2AP47ijgTeXkjiT1tMroJ4f9VAKqW5VsIjV_0qUova1Ip3jy8KnlJ3F5BPjalc9pgjKkpzY4EyXUUfu8eqxMg0zec-oJl7E8dhaT2G57op4dMxaTyxL8mmPGl5oLIRtvOfZtnziLV9qco0H2Ji474PrMEEQm_qEoT7NgxdXF7AfvBFnSzPdxI9wcu99g.rBU4hOXQ2dmvcXK-GXggAt7CpfRGCe8KdWjSEc5Cnpo&dib_tag=se&keywords=bags&qid=1709536611&sprefix=ba%2Caps%2C283&sr=8-49,Lunar's Bingo - 48 L Laptop Office/School/Travel/Business Backpack Water Resistant - Fits Up to 15.6 Inch Laptop Notebook with 1 Year Warranty  ,₹827,4.0 out of 5 stars,"11,189","Akshaya Rubbers, Hebbal Industrial Area, Mysore, 7022982998",B08YZ8FFBZ
https://www.amazon.in//Wesley-Milestone-Waterproof-Backpack-Business/dp/B07PLKV6D1/ref=sr_1_50?crid=2M096C61O4MLT&dib=eyJ2IjoiMSJ9.0KlqTCzIT_LVpqxQ_4NDBPzy4l-QoUfBy9oQfPIjtFt7wDn2AP47ijgTeXkjiT1tMroJ4f9VAKqW5VsIjV_0qUova1Ip3jy8KnlJ3F5BPjalc9pgjKkpzY4EyXUUfu8eqxMg0zec-oJl7E8dhaT2G57op4dMxaTyxL8mmPGl5oLIRtvOfZtnziLV9qco0H2Ji474PrMEEQm_qEoT7NgxdXF7AfvBFnSzPdxI9wcu99g.rBU4hOXQ2dmvcXK-GXggAt7CpfRGCe8KdWjSEc5Cnpo&dib_tag=se&keywords=bags&qid=1709536611&sprefix=ba%2Caps%2C283&sr=8-50,Wesley Milestone 15.6 inch 25 L Casual Waterproof Laptop Backpack/Office Bag/School Bag/College Bag/Business Bag/Unisex Travel Backpack  ,₹399,4.3 out of 5 stars,"14,345","Wesley, Longani Trading Company, F-82, Sector-1, Bawana Industrial Area, Delhi-110039",B07PLKV6D1
https://www.amazon.in//Gear-Vintage2-Leather-Backpack-LBPVG2LTH0501/dp/B07G4HH78P/ref=sr_1_51?crid=2M096C61O4MLT&dib=eyJ2IjoiMSJ9.0KlqTCzIT_LVpqxQ_4NDBPzy4l-QoUfBy9oQfPIjtFt7wDn2AP47ijgTeXkjiT1tMroJ4f9VAKqW5VsIjV_0qUova1Ip3jy8KnlJ3F5BPjalc9pgjKkpzY4EyXUUfu8eqxMg0zec-oJl7E8dhaT2G57op4dMxaTyxL8mmPGl5oLIRtvOfZtnziLV9qco0H2Ji474PrMEEQm_qEoT7NgxdXF7AfvBFnSzPdxI9wcu99g.rBU4hOXQ2dmvcXK-GXggAt7CpfRGCe8KdWjSEc5Cnpo&dib_tag=se&keywords=bags&qid=1709536611&sprefix=ba%2Caps%2C283&sr=8-51,Gear Vintage2 28L Medium Faux Leather Water Resistant Anti Theft Laptop Backpack/Office Backpack for Men/Women - Navy  ,₹699,4.4 out of 5 stars,"3,594","Gear Merchandise PVT LTD, Gear Merchandise PVT LTD E/12 West Chowbaga Gulshan colony KoLkata-700100 Contact 9830403366",B07G4HH78P
https://www.amazon.in//ADISA-Laptop-Backpack-Office-College/dp/B0BPTV3795/ref=sr_1_52?crid=2M096C61O4MLT&dib=eyJ2IjoiMSJ9.0KlqTCzIT_LVpqxQ_4NDBPzy4l-QoUfBy9oQfPIjtFt7wDn2AP47ijgTeXkjiT1tMroJ4f9VAKqW5VsIjV_0qUova1Ip3jy8KnlJ3F5BPjalc9pgjKkpzY4EyXUUfu8eqxMg0zec-oJl7E8dhaT2G57op4dMxaTyxL8mmPGl5oLIRtvOfZtnziLV9qco0H2Ji474PrMEEQm_qEoT7NgxdXF7AfvBFnSzPdxI9wcu99g.rBU4hOXQ2dmvcXK-GXggAt7CpfRGCe8KdWjSEc5Cnpo&dib_tag=se&keywords=bags&qid=1709536611&sprefix=ba%2Caps%2C283&sr=8-52,ADISA 32L large laptop backpack office bag college travel back pack with rain cover (Black)  ,₹599,3.9 out of 5 stars,849,"ADISA, ADISA INTERNATIONAL, 42/34, Upper Ground Floor, DLF Industrial Area, Kirti Nagar, New Delhi 110015, careadisa@gmail.com",B0BPTV3795
https://www.amazon.in//sspa/click?ie=UTF8&spc=MTo0MzU3NjI1NTUzNzQwNjM6MTcwOTUzNjYxMTpzcF9idGY6MzAwMDY3NTU2NDM1NTMyOjowOjo&url=%2FSwiss-Military-Travel-Backpack-Hardshell%2Fdp%2FB0C3MH4NDY%2Fref%3Dsr_1_53%3Fcrid%3D2M096C61O4MLT%26dib%3DeyJ2IjoiMSJ9.0KlqTCzIT_LVpqxQ_4NDBPzy4l-QoUfBy9oQfPIjtFt7wDn2AP47ijgTeXkjiT1tMroJ4f9VAKqW5VsIjV_0qUova1Ip3jy8KnlJ3F5BPjalc9pgjKkpzY4EyXUUfu8eqxMg0zec-oJl7E8dhaT2G57op4dMxaTyxL8mmPGl5oLIRtvOfZtnziLV9qco0H2Ji474PrMEEQm_qEoT7NgxdXF7AfvBFnSzPdxI9wcu99g.rBU4hOXQ2dmvcXK-GXggAt7CpfRGCe8KdWjSEc5Cnpo%26dib_tag%3Dse%26keywords%3Dbags%26qid%3D1709536611%26sprefix%3Dba%252Caps%252C283%26sr%3D8-53-spons%26sp_csd%3Dd2lkZ2V0TmFtZT1zcF9idGY%26psc%3D1,"Swiss Military Hard Shell Travel Backpack UFO, Alien Series Dimond Cut ABS Hardshell upto 15.6 Inch Laptop  ","₹3,167",4.0 out of 5 stars,72,"SWISS MILITARY, Swiss Military Consumer Goods Limited, W-39, Okhla Industrial Area, Delhi , Delhi - 110020",B0C3MH4NDY
